{
  "draft": {
    "count": 65,
    "policy_time_gpu_sync_ms": {
      "mean": 26.580194215729044,
      "p50": 8.066793001489714,
      "p90": 8.172709995415062,
      "p95": 8.24181499920087,
      "p99": 598.3896001224639
    },
    "serve_time_ms": {
      "mean": 29.32593836941613,
      "p50": 10.664350003935397,
      "p90": 10.815289203310385,
      "p95": 22.705984211643194,
      "p99": 600.3024094001739
    },
    "client_roundtrip_ms": {
      "mean": 30.637545461761945,
      "p50": 11.878131997946184,
      "p90": 12.619882200669963,
      "p95": 24.18403920310081,
      "p99": 602.3989118775353
    }
  },
  "full": {
    "count": 18,
    "policy_time_gpu_sync_ms": {
      "mean": 33.43252279883018,
      "p50": 33.15581199422013,
      "p90": 33.53177999815671,
      "p95": 34.77316459757276,
      "p99": 37.047975317109376
    },
    "serve_time_ms": {
      "mean": 35.6276733999645,
      "p50": 35.384324997721706,
      "p90": 36.08797620254336,
      "p95": 37.10606190870749,
      "p99": 38.88997718488099
    },
    "client_roundtrip_ms": {
      "mean": 37.23824533274941,
      "p50": 36.783358998945914,
      "p90": 39.33386139688082,
      "p95": 40.69135449899477,
      "p99": 41.50630290052504
    }
  }
}