{
  "wrist_zero_every4": {
    "policy_time_gpu_sync_ms": {
      "mean": 41.23350677894266,
      "p50": 8.2787850042223,
      "p90": 33.475397803704254,
      "p95": 33.703421000245726,
      "p99": 43.76987916461094
    },
    "policy_time_ms": {
      "mean": 43.83027892718228,
      "p50": 11.167965996719431,
      "p90": 35.7813611975871,
      "p95": 36.26529010289232,
      "p99": 49.99128563824348
    },
    "serve_time_ms": {
      "mean": 43.995927810181165,
      "p50": 11.320006989990361,
      "p90": 35.94639698858373,
      "p95": 36.448680094326846,
      "p99": 50.90523961916918
    },
    "client_roundtrip_ms": {
      "mean": 45.330253332100625,
      "p50": 12.78259200626053,
      "p90": 37.11399520107079,
      "p95": 37.67125200101873,
      "p99": 52.20926615584178
    },
    "sample_actions_ms": {
      "mean": 41.23350677894266,
      "p50": 8.2787850042223,
      "p90": 33.475397803704254,
      "p95": 33.703421000245726,
      "p99": 43.76987916461094
    }
  },
  "wrist_zero_all": {
    "policy_time_gpu_sync_ms": {
      "mean": 40.93957784706438,
      "p50": 8.289355995657388,
      "p90": 33.526027998595964,
      "p95": 33.671007402881514,
      "p99": 46.74459463654786
    },
    "policy_time_ms": {
      "mean": 43.37723364068792,
      "p50": 11.219185005757026,
      "p90": 35.60899920121301,
      "p95": 36.232115600432735,
      "p99": 48.64158236014194
    },
    "serve_time_ms": {
      "mean": 43.50470533621115,
      "p50": 11.379707997548394,
      "p90": 35.712490798323415,
      "p95": 36.38151460472727,
      "p99": 48.729288964532344
    },
    "client_roundtrip_ms": {
      "mean": 44.75447541264203,
      "p50": 12.921203000587411,
      "p90": 36.825206004141364,
      "p95": 37.625360397214536,
      "p99": 49.54069719620753
    },
    "sample_actions_ms": {
      "mean": 40.93957784706438,
      "p50": 8.289355995657388,
      "p90": 33.526027998595964,
      "p95": 33.671007402881514,
      "p99": 46.74459463654786
    }
  }
}