{
  "guard_wrist_zero_every4": {
    "policy_time_gpu_sync_ms": {
      "mean": 59.57370189033204,
      "p50": 8.117612997011747,
      "p90": 33.308620199386496,
      "p95": 33.46891089968267,
      "p99": 43.60992696194443
    },
    "policy_time_ms": {
      "mean": 61.7844401170049,
      "p50": 10.600679001072422,
      "p90": 35.24435100262053,
      "p95": 35.49158309979248,
      "p99": 45.571763175685184
    },
    "serve_time_ms": {
      "mean": 61.89717094500136,
      "p50": 10.731060006946791,
      "p90": 35.349510998639744,
      "p95": 35.58943199532223,
      "p99": 45.67656957646249
    },
    "client_roundtrip_ms": {
      "mean": 62.979229947562224,
      "p50": 11.952042994380463,
      "p90": 36.22601899987785,
      "p95": 36.69329910262605,
      "p99": 46.48683656254433
    },
    "sample_actions_ms": {
      "mean": 59.57370189033204,
      "p50": 8.117612997011747,
      "p90": 33.308620199386496,
      "p95": 33.46891089968267,
      "p99": 43.60992696194443
    }
  },
  "guard_wrist_zero_all": {
    "policy_time_gpu_sync_ms": {
      "mean": 55.31059659583756,
      "p50": 8.246185003372375,
      "p90": 33.49677099904511,
      "p95": 33.746857999358326,
      "p99": 701.3197534400394
    },
    "policy_time_ms": {
      "mean": 57.73947849673059,
      "p50": 11.284106003586203,
      "p90": 35.63417500117794,
      "p95": 36.54557199770352,
      "p99": 703.2149265977213
    },
    "serve_time_ms": {
      "mean": 57.86114713190797,
      "p50": 11.434657993959263,
      "p90": 35.758695799449924,
      "p95": 36.73528360086493,
      "p99": 703.3246239961599
    },
    "client_roundtrip_ms": {
      "mean": 58.97554288682524,
      "p50": 12.630469995201565,
      "p90": 36.794124798325356,
      "p95": 37.80848699825583,
      "p99": 705.0857211204137
    },
    "sample_actions_ms": {
      "mean": 55.31059659583756,
      "p50": 8.246185003372375,
      "p90": 33.49677099904511,
      "p95": 33.746857999358326,
      "p99": 701.3197534400394
    }
  }
}