{
  "all_measured": {
    "policy_time_gpu_sync_ms": {
      "mean": 127.35994062651193,
      "p50": 8.089262999419589,
      "p90": 33.382578601595014,
      "p95": 37.2104617970763,
      "p99": 3943.8965903189137
    },
    "policy_time_wall_ms": {
      "mean": 127.35994062651193,
      "p50": 8.089262999419589,
      "p90": 33.382578601595014,
      "p95": 37.2104617970763,
      "p99": 3943.8965903189137
    },
    "sample_actions_ms": {
      "mean": 127.35994062651193,
      "p50": 8.089262999419589,
      "p90": 33.382578601595014,
      "p95": 37.2104617970763,
      "p99": 3943.8965903189137
    },
    "serve_time_ms": {
      "mean": 129.9960696989115,
      "p50": 10.70577999780653,
      "p90": 35.63338119274704,
      "p95": 39.01739970460768,
      "p99": 3946.5416301009873
    },
    "client_roundtrip_ms": {
      "mean": 131.38263801216914,
      "p50": 11.981233001279179,
      "p90": 37.462548004987184,
      "p95": 41.564513500634355,
      "p99": 3948.4756190990493
    }
  },
  "steady_state_excluding_first_inference_per_run": {
    "policy_time_gpu_sync_ms": {
      "mean": 27.865005825060507,
      "p50": 8.083193002676126,
      "p90": 33.299540899315616,
      "p95": 33.50051799861831,
      "p99": 592.7529500728995
    },
    "policy_time_wall_ms": {
      "mean": 27.865005825060507,
      "p50": 8.083193002676126,
      "p90": 33.299540899315616,
      "p95": 33.50051799861831,
      "p99": 592.7529500728995
    },
    "sample_actions_ms": {
      "mean": 27.865005825060507,
      "p50": 8.083193002676126,
      "p90": 33.299540899315616,
      "p95": 33.50051799861831,
      "p99": 592.7529500728995
    },
    "serve_time_ms": {
      "mean": 30.50751368764395,
      "p50": 10.70018549944507,
      "p90": 35.56375320767984,
      "p95": 36.002153091249056,
      "p99": 594.6888221495462
    },
    "client_roundtrip_ms": {
      "mean": 31.875176687572093,
      "p50": 11.957497998082545,
      "p90": 37.15543640064425,
      "p95": 38.06760519510134,
      "p99": 596.7423656771277
    }
  },
  "steady_state_sample_count": 80,
  "measured_infer_count": 83,
  "sync_field_present_ratio": 1.0
}